<?xml version="1.0" encoding="UTF-8" standalone="no"?>
<beans xmlns="http://www.springframework.org/schema/beans"
       xmlns:p="http://www.springframework.org/schema/p"
       xmlns:jee="http://www.springframework.org/schema/jee"
       xmlns:xsi="http://www.w3.org/2001/XMLSchema-instance"
       xsi:schemaLocation="http://www.springframework.org/schema/beans http://www.springframework.org/schema/beans/spring-beans-3.0.xsd
                           http://www.springframework.org/schema/jee http://www.springframework.org/schema/jee/spring-jee-3.0.xsd">

    <!-- Basic DataSource -->
    <bean id="galleryDataSource"
          class="org.apache.commons.dbcp.BasicDataSource" 
          p:driverClassName="${jdbc.driverClassName}" 
          p:url="${jdbc.url}" 
          p:username="${jdbc.username}"
          p:password="${jdbc.password}"/>

    <!-- 
      JNDI DataSource for J2EE environments can be defined like so:
    <bean id="dataSource" class="org.springframework.jndi.JndiObjectFactoryBean">
        <property name="jndiName"><value>java:comp/env/jdbc/gallery</value></property>
    </bean>
    -->

    <!--
      Or you can use the much more concise way to express datasources using the Spring jee namespace:
    <jee:jndi-lookup id="datasource" jndi-name="java:comp/env/jdbc/gallery"/>
    -->

</beans>
