<?xml version="1.0" encoding="UTF-8"?>
<mappings xmlns="http://dozer.sourceforge.net"
          xmlns:xsi="http://www.w3.org/2001/XMLSchema-instance"
          xsi:schemaLocation="http://dozer.sourceforge.net
          http://dozer.sourceforge.net/schema/beanmapping.xsd">

    <configuration>
        <stop-on-errors>true</stop-on-errors>
        <date-format>MM/dd/yyyy HH:mm</date-format>
        <wildcard>true</wildcard>
    </configuration>

    <mapping>
        <class-a>com.prospringhibernate.gallery.domain.ArtEntity</class-a>
        <class-b>com.prospringhibernate.gallery.dto.ArtEntityDTO</class-b>
        <field>
            <a>galleryPicture.url</a>
            <b>galleryURL</b>
        </field>
        <field>
            <a>storagePicture.url</a>
            <b>storageURL</b>
        </field>
        <field>
            <a>thumbnailPicture.url</a>
            <b>thumbnailURL</b>
        </field>
    </mapping>


    <mapping>
        <class-a>com.prospringhibernate.gallery.domain.Category</class-a>
        <class-b>com.prospringhibernate.gallery.dto.CategoryDTO</class-b>
    </mapping>

    <mapping>
        <class-a>com.prospringhibernate.gallery.domain.Comment</class-a>
        <class-b>com.prospringhibernate.gallery.dto.CommentDTO</class-b>
    </mapping>

    <mapping>
        <class-a>com.prospringhibernate.gallery.domain.Exhibition</class-a>
        <class-b>com.prospringhibernate.gallery.dto.ExhibitionDTO</class-b>
    </mapping>


</mappings>

