<?xml version="1.0" encoding="utf-8"?>


<urlrewrite default-match-type="wildcard">
	<rule>
		<from>/resources/**</from>
		<to last="true">/resources/$1</to>
	</rule>
	<rule>
		<from>/static/WEB-INF/**</from>
		<set type="status">403</set>
		<to last="true">/static/WEB-INF/$1</to>
	</rule>
	<rule>
		<from>/static/**</from>
		<to last="true">/$1</to>
	</rule>
	<rule>
		<from>/</from>
		<to last="true">/app/index</to>		
	</rule>
	<rule>
		<from>/app/**</from>
		<to last="true">/app/$1</to>
	</rule>
	<rule>
		<from>/**</from>
		<to>/app/$1</to>
	</rule>
	<outbound-rule>
		<from>/app/**</from>
		<to>/$1</to>
	</outbound-rule>
		
</urlrewrite>
